<?xml version="1.0" encoding="UTF-8"?>
<kcfg xmlns="http://www.kde.org/standards/kcfg/1.0"
      xmlns:xsi="http://www.w3.org/2001/XMLSchema-instance"
      xsi:schemaLocation="http://www.kde.org/standards/kcfg/1.0
      http://www.kde.org/standards/kcfg/1.0/kcfg.xsd" >
  <kcfgfile name=""/>

  <group name="General">
    <entry name="icon" type="String">
      <default>flashlight</default>
    </entry>
    <entry name="pinned" type="Bool">
      <default>false</default>
    </entry>
    <entry name="oldPrefWidth" type="Int">
      <default>100</default>
    </entry>
    <entry name="oldPrefWidth" type="Int">
      <default>100</default>
    </entry>
    <entry name="prefWidth" type="Int">
      <default>100</default>
    </entry>
    <entry name="prefHeight" type="Int">
      <default>100</default>
    </entry>
    <entry name="valueR" type="Double">
      <default>1</default>
    </entry>
    <entry name="valueG" type="Double">
      <default>1</default>
    </entry>
    <entry name="valueB" type="Double">
      <default>1</default>
    </entry>
    <entry name="valueA" type="Double">
      <default>0.500</default>
    </entry>
  </group>
</kcfg>
